Tanggal,cost,energy,phase 1,phase 2,phase 3
01-Aug-23,"Rp. 687,949",683.19 kWh,261.76 kWh,238.56 kWh,182.87 kWh
02-Aug-23,"Rp. 646,698",632.33 kWh,247.14 kWh,221.22 kWh,163.98 kWh
03-Aug-23,"Rp. 682,541",675.85 kWh,252.71 kWh,231.99 kWh,191.15 kWh
04-Aug-23,"Rp. 674,284",668.26 kWh,246.85 kWh,227.92 kWh,193.50 kWh
05-Aug-23,"Rp. 426,459",415.99 kWh,168.22 kWh,134.32 kWh,113.46 kWh
06-Aug-23,"Rp. 389,580",380.70 kWh,150.47 kWh,127.76 kWh,102.47 kWh
07-Aug-23,"Rp. 723,122",713.00 kWh,241.83 kWh,259.78 kWh,211.40 kWh
08-Aug-23,"Rp. 717,059",709.66 kWh,240.26 kWh,258.57 kWh,210.83 kWh
09-Aug-23,"Rp. 388,643",405.85 kWh,132.59 kWh,141.28 kWh,131.99 kWh
10-Aug-23,"Rp. 19,456",19.21 kWh,1.41 kWh,17.80 kWh,0.00 kWh
11-Aug-23,"Rp. 19,890",19.73 kWh,2.52 kWh,17.21 kWh,0.00 kWh
12-Aug-23,"Rp. 20,702",20.28 kWh,3.18 kWh,17.10 kWh,0.00 kWh
13-Aug-23,"Rp. 19,202",19.04 kWh,1.93 kWh,17.12 kWh,0.00 kWh
14-Aug-23,"Rp. 632,245",615.94 kWh,202.51 kWh,216.82 kWh,196.61 kWh
15-Aug-23,"Rp. 635,322",630.01 kWh,216.55 kWh,221.42 kWh,192.04 kWh
16-Aug-23,"Rp. 670,869",663.77 kWh,232.99 kWh,239.27 kWh,191.51 kWh
17-Aug-23,"Rp. 419,252",408.88 kWh,144.59 kWh,131.27 kWh,133.02 kWh
18-Aug-23,"Rp. 667,053",664.35 kWh,232.12 kWh,216.93 kWh,215.30 kWh
19-Aug-23,"Rp. 322,942",317.33 kWh,127.52 kWh,89.04 kWh,100.77 kWh
20-Aug-23,"Rp. 305,218",298.30 kWh,119.70 kWh,83.81 kWh,94.79 kWh
21-Aug-23,"Rp. 703,722",696.43 kWh,251.34 kWh,234.30 kWh,210.79 kWh
22-Aug-23,"Rp. 728,349",725.81 kWh,265.55 kWh,226.30 kWh,233.97 kWh
23-Aug-23,"Rp. 779,622",776.79 kWh,278.47 kWh,273.75 kWh,224.57 kWh
24-Aug-23,"Rp. 782,526",782.49 kWh,276.02 kWh,278.17 kWh,228.29 kWh
25-Aug-23,"Rp. 614,920",610.12 kWh,216.19 kWh,220.18 kWh,173.75 kWh
26-Aug-23,"Rp. 333,881",327.96 kWh,122.53 kWh,115.47 kWh,89.96 kWh
27-Aug-23,"Rp. 11,830",12.39 kWh,5.30 kWh,4.10 kWh,2.99 kWh
28-Aug-23,"Rp. 628,257",621.77 kWh,194.61 kWh,234.90 kWh,192.26 kWh
29-Aug-23,"Rp. 716,329",712.90 kWh,233.37 kWh,269.42 kWh,210.10 kWh
30-Aug-23,"Rp. 690,225",680.28 kWh,220.70 kWh,266.87 kWh,192.71 kWh
31-Aug-23,"Rp. 688,939",686.69 kWh,226.98 kWh,259.39 kWh,200.32 kWh
01-Sep-23,"Rp. 640,005",639.35 kWh,209.65 kWh,246.38 kWh,183.32 kWh
02-Sep-23,"Rp. 334,659",326.35 kWh,120.36 kWh,118.42 kWh,87.57 kWh
03-Sep-23,"Rp. 318,177",310.25 kWh,109.63 kWh,114.82 kWh,85.79 kWh
04-Sep-23,"Rp. 641,237",634.71 kWh,201.83 kWh,236.01 kWh,196.87 kWh
05-Sep-23,"Rp. 689,930",687.34 kWh,219.09 kWh,248.01 kWh,220.23 kWh
06-Sep-23,"Rp. 661,288",657.56 kWh,208.65 kWh,247.68 kWh,201.22 kWh
07-Sep-23,"Rp. 678,536",678.35 kWh,213.54 kWh,249.84 kWh,214.96 kWh
08-Sep-23,"Rp. 735,372",731.56 kWh,235.38 kWh,288.85 kWh,207.32 kWh
09-Sep-23,"Rp. 410,821",406.09 kWh,128.30 kWh,162.32 kWh,115.47 kWh
10-Sep-23,"Rp. 371,363",363.01 kWh,131.59 kWh,126.77 kWh,104.65 kWh
11-Sep-23,"Rp. 732,785",725.72 kWh,238.01 kWh,270.32 kWh,217.39 kWh
12-Sep-23,"Rp. 795,923",786.96 kWh,249.88 kWh,309.40 kWh,227.68 kWh
13-Sep-23,"Rp. 716,645",714.90 kWh,240.15 kWh,256.61 kWh,218.14 kWh
14-Sep-23,"Rp. 762,895",759.06 kWh,257.95 kWh,263.93 kWh,237.17 kWh
15-Sep-23,"Rp. 751,424",746.85 kWh,257.38 kWh,277.25 kWh,212.21 kWh
16-Sep-23,"Rp. 387,427",381.59 kWh,136.41 kWh,130.89 kWh,114.29 kWh
17-Sep-23,"Rp. 348,642",344.97 kWh,119.36 kWh,111.12 kWh,114.49 kWh
18-Sep-23,"Rp. 731,308",727.08 kWh,224.36 kWh,262.62 kWh,240.09 kWh
19-Sep-23,"Rp. 786,293",786.52 kWh,259.47 kWh,274.98 kWh,252.07 kWh
20-Sep-23,"Rp. 822,154",815.51 kWh,265.53 kWh,287.56 kWh,262.41 kWh
21-Sep-23,"Rp. 810,473",805.39 kWh,285.61 kWh,273.88 kWh,245.90 kWh
22-Sep-23,"Rp. 682,940",685.37 kWh,212.80 kWh,254.75 kWh,217.82 kWh
23-Sep-23,"Rp. 318,448",312.58 kWh,115.04 kWh,107.68 kWh,89.85 kWh
24-Sep-23,"Rp. 337,347",334.66 kWh,138.18 kWh,107.82 kWh,88.66 kWh
25-Sep-23,"Rp. 708,138",705.55 kWh,250.95 kWh,246.50 kWh,208.10 kWh
26-Sep-23,"Rp. 737,852",737.83 kWh,246.09 kWh,275.26 kWh,216.47 kWh
27-Sep-23,"Rp. 716,451",716.68 kWh,233.28 kWh,260.10 kWh,223.31 kWh
28-Sep-23,"Rp. 339,657",334.81 kWh,130.77 kWh,106.84 kWh,97.20 kWh
29-Sep-23,"Rp. 726,965",719.54 kWh,228.55 kWh,274.68 kWh,216.31 kWh
30-Sep-23,"Rp. 355,290",350.38 kWh,128.87 kWh,116.09 kWh,105.42 kWh
01-Oct-23,"Rp. 348,148",330.01 kWh,128.70 kWh,103.33 kWh,97.98 kWh
02-Oct-23,"Rp. 714,195",695.69 kWh,235.24 kWh,255.48 kWh,204.98 kWh
03-Oct-23,"Rp. 756,707",744.89 kWh,257.27 kWh,265.11 kWh,222.51 kWh
04-Oct-23,"Rp. 787,061",775.50 kWh,242.65 kWh,275.19 kWh,257.66 kWh
05-Oct-23,"Rp. 804,818",785.49 kWh,253.17 kWh,294.31 kWh,238.00 kWh
06-Oct-23,"Rp. 707,958",700.44 kWh,232.29 kWh,268.08 kWh,200.08 kWh
07-Oct-23,"Rp. 340,015",320.30 kWh,124.61 kWh,103.04 kWh,92.66 kWh
08-Oct-23,"Rp. 329,930",311.56 kWh,125.91 kWh,94.51 kWh,91.14 kWh
09-Oct-23,"Rp. 679,374",665.58 kWh,240.34 kWh,238.80 kWh,186.43 kWh
10-Oct-23,"Rp. 790,700",775.94 kWh,265.89 kWh,279.77 kWh,230.28 kWh
11-Oct-23,"Rp. 766,950",750.01 kWh,240.28 kWh,281.90 kWh,227.83 kWh
12-Oct-23,"Rp. 794,169",770.18 kWh,253.23 kWh,269.13 kWh,247.83 kWh
13-Oct-23,"Rp. 781,243",764.68 kWh,258.45 kWh,266.41 kWh,239.82 kWh
14-Oct-23,"Rp. 417,588",396.48 kWh,151.68 kWh,119.05 kWh,125.75 kWh
15-Oct-23,"Rp. 425,597",405.51 kWh,150.42 kWh,129.54 kWh,125.55 kWh
16-Oct-23,"Rp. 779,691",765.22 kWh,255.65 kWh,262.75 kWh,246.82 kWh
17-Oct-23,"Rp. 878,392",869.23 kWh,295.16 kWh,310.30 kWh,263.77 kWh
18-Oct-23,"Rp. 702,868",692.62 kWh,242.24 kWh,240.80 kWh,209.57 kWh
19-Oct-23,"Rp. 768,580",757.18 kWh,255.23 kWh,272.01 kWh,229.94 kWh
20-Oct-23,"Rp. 778,270",761.46 kWh,274.82 kWh,272.33 kWh,214.31 kWh
21-Oct-23,"Rp. 377,664",356.12 kWh,135.72 kWh,113.77 kWh,106.63 kWh
22-Oct-23,"Rp. 365,295",342.08 kWh,133.63 kWh,103.79 kWh,104.66 kWh
23-Oct-23,"Rp. 784,829",768.95 kWh,259.78 kWh,280.26 kWh,228.90 kWh
24-Oct-23,"Rp. 872,743",862.05 kWh,308.06 kWh,300.64 kWh,253.35 kWh
25-Oct-23,"Rp. 773,092",753.48 kWh,267.26 kWh,256.78 kWh,229.44 kWh
26-Oct-23,"Rp. 811,186",790.84 kWh,283.03 kWh,284.44 kWh,223.37 kWh
27-Oct-23,"Rp. 854,992",834.04 kWh,302.54 kWh,306.77 kWh,224.74 kWh
28-Oct-23,"Rp. 396,097",373.79 kWh,144.51 kWh,122.16 kWh,107.12 kWh
29-Oct-23,"Rp. 389,050",367.69 kWh,139.47 kWh,126.69 kWh,101.53 kWh
30-Oct-23,"Rp. 814,748",797.09 kWh,258.57 kWh,292.04 kWh,246.49 kWh
31-Oct-23,"Rp. 930,675",911.86 kWh,316.46 kWh,327.31 kWh,268.10 kWh
01-Nov-23,"Rp. 805,544",788.15 kWh,268.23 kWh,282.27 kWh,237.66 kWh
02-Nov-23,"Rp. 806,069",788.53 kWh,276.52 kWh,289.77 kWh,222.24 kWh
03-Nov-23,"Rp. 822,223",808.75 kWh,263.64 kWh,307.62 kWh,237.49 kWh
04-Nov-23,"Rp. 503,578",479.18 kWh,176.59 kWh,174.86 kWh,127.73 kWh
05-Nov-23,"Rp. 413,930",393.28 kWh,143.62 kWh,142.88 kWh,106.79 kWh
06-Nov-23,"Rp. 807,088",781.17 kWh,257.08 kWh,297.99 kWh,226.11 kWh
07-Nov-23,"Rp. 855,669",840.12 kWh,279.45 kWh,302.79 kWh,257.87 kWh
08-Nov-23,"Rp. 848,747",833.33 kWh,268.89 kWh,309.03 kWh,255.41 kWh
09-Nov-23,"Rp. 871,390",847.07 kWh,280.59 kWh,303.30 kWh,263.17 kWh
10-Nov-23,"Rp. 800,451",785.00 kWh,248.76 kWh,298.55 kWh,237.69 kWh
11-Nov-23,"Rp. 459,658",439.59 kWh,158.66 kWh,146.98 kWh,133.95 kWh
12-Nov-23,"Rp. 371,095",351.23 kWh,127.35 kWh,115.86 kWh,108.03 kWh
13-Nov-23,"Rp. 806,631",778.40 kWh,250.33 kWh,304.62 kWh,223.46 kWh
14-Nov-23,"Rp. 868,041",854.78 kWh,285.37 kWh,308.96 kWh,260.44 kWh
15-Nov-23,"Rp. 788,545",770.93 kWh,264.00 kWh,279.75 kWh,227.18 kWh
16-Nov-23,"Rp. 874,416",855.21 kWh,302.07 kWh,293.50 kWh,259.65 kWh
17-Nov-23,"Rp. 774,460",756.58 kWh,258.09 kWh,268.68 kWh,229.81 kWh
18-Nov-23,"Rp. 417,422",395.61 kWh,142.32 kWh,132.24 kWh,121.04 kWh
19-Nov-23,"Rp. 398,187",377.23 kWh,133.93 kWh,128.09 kWh,115.22 kWh
20-Nov-23,"Rp. 871,485",838.97 kWh,290.42 kWh,308.07 kWh,240.48 kWh
21-Nov-23,"Rp. 932,109",901.33 kWh,323.14 kWh,325.75 kWh,252.43 kWh
22-Nov-23,"Rp. 894,487",854.99 kWh,297.48 kWh,298.86 kWh,258.65 kWh
23-Nov-23,"Rp. 892,835",846.43 kWh,282.90 kWh,307.01 kWh,256.52 kWh
24-Nov-23,"Rp. 853,663",813.91 kWh,264.67 kWh,298.59 kWh,250.65 kWh
25-Nov-23,"Rp. 460,665",430.51 kWh,158.34 kWh,142.19 kWh,129.99 kWh
26-Nov-23,"Rp. 423,708",400.57 kWh,150.70 kWh,124.23 kWh,125.64 kWh
27-Nov-23,"Rp. 827,679",803.32 kWh,265.25 kWh,287.75 kWh,250.32 kWh
28-Nov-23,"Rp. 810,721",776.79 kWh,249.00 kWh,281.41 kWh,246.38 kWh
29-Nov-23,"Rp. 869,748",839.43 kWh,284.96 kWh,289.52 kWh,264.95 kWh
30-Nov-23,"Rp. 884,444",862.99 kWh,294.71 kWh,282.12 kWh,286.17 kWh
01-Dec-23,"Rp. 773,133",755.37 kWh,253.32 kWh,266.75 kWh,235.30 kWh
02-Dec-23,"Rp. 403,510",378.64 kWh,145.91 kWh,114.07 kWh,118.65 kWh
03-Dec-23,"Rp. 384,574",363.91 kWh,140.73 kWh,113.07 kWh,110.10 kWh
04-Dec-23,"Rp. 738,918",720.03 kWh,247.48 kWh,249.72 kWh,222.83 kWh
05-Dec-23,"Rp. 784,045",763.62 kWh,243.49 kWh,278.68 kWh,241.45 kWh
06-Dec-23,"Rp. 816,146",793.08 kWh,265.36 kWh,276.73 kWh,250.98 kWh
07-Dec-23,"Rp. 785,812",765.59 kWh,262.24 kWh,270.29 kWh,233.07 kWh
08-Dec-23,"Rp. 804,781",789.04 kWh,263.08 kWh,274.49 kWh,251.47 kWh
09-Dec-23,"Rp. 450,010",427.24 kWh,163.39 kWh,127.57 kWh,136.29 kWh
10-Dec-23,"Rp. 418,600",393.61 kWh,153.57 kWh,114.76 kWh,125.28 kWh
11-Dec-23,"Rp. 829,889",810.76 kWh,282.39 kWh,274.91 kWh,253.46 kWh
12-Dec-23,"Rp. 849,754",823.62 kWh,283.52 kWh,278.67 kWh,261.43 kWh
13-Dec-23,"Rp. 844,737",811.63 kWh,289.92 kWh,261.20 kWh,260.52 kWh
14-Dec-23,"Rp. 875,242",842.87 kWh,286.17 kWh,291.30 kWh,265.41 kWh
15-Dec-23,"Rp. 915,079",877.54 kWh,295.06 kWh,303.10 kWh,279.38 kWh
16-Dec-23,"Rp. 474,234",450.72 kWh,173.70 kWh,129.94 kWh,147.09 kWh
17-Dec-23,"Rp. 481,724",452.27 kWh,174.07 kWh,123.61 kWh,154.59 kWh
18-Dec-23,"Rp. 808,357",780.69 kWh,285.63 kWh,249.38 kWh,245.69 kWh
19-Dec-23,"Rp. 866,792",849.56 kWh,285.54 kWh,281.37 kWh,282.66 kWh
20-Dec-23,"Rp. 792,067",761.84 kWh,266.32 kWh,262.45 kWh,233.07 kWh
21-Dec-23,"Rp. 875,798",847.94 kWh,295.26 kWh,286.17 kWh,266.51 kWh
22-Dec-23,"Rp. 785,386",761.03 kWh,259.10 kWh,263.57 kWh,238.35 kWh
23-Dec-23,"Rp. 450,536",423.48 kWh,158.86 kWh,130.15 kWh,134.47 kWh
24-Dec-23,"Rp. 438,137",413.71 kWh,149.41 kWh,133.04 kWh,131.26 kWh
25-Dec-23,"Rp. 440,309",415.74 kWh,149.12 kWh,141.63 kWh,124.99 kWh
26-Dec-23,"Rp. 421,256",400.48 kWh,163.35 kWh,119.18 kWh,117.95 kWh
27-Dec-23,"Rp. 651,927",632.77 kWh,228.02 kWh,199.00 kWh,205.75 kWh
28-Dec-23,"Rp. 606,681",590.17 kWh,222.70 kWh,190.47 kWh,177.00 kWh
29-Dec-23,"Rp. 534,819",518.11 kWh,194.00 kWh,171.83 kWh,152.28 kWh
30-Dec-23,"Rp. 423,188",400.19 kWh,168.97 kWh,111.09 kWh,120.14 kWh
31-Dec-23,"Rp. 390,484",370.95 kWh,157.16 kWh,111.13 kWh,102.67 kWh
1-Jan-24,"Rp. 386,625",365.76 kWh,156.12 kWh,101.40 kWh,108.24 kWh
2-Jan-24,"Rp. 638,469",622.65 kWh,216.70 kWh,208.92 kWh,197.03 kWh
3-Jan-24,"Rp. 603,636",581.61 kWh,208.17 kWh,196.80 kWh,176.64 kWh
4-Jan-24,"Rp. 669,698",648.78 kWh,217.72 kWh,218.81 kWh,212.25 kWh
5-Jan-24,"Rp. 686,446",668.71 kWh,229.14 kWh,226.97 kWh,212.61 kWh
6-Jan-24,"Rp. 430,625",405.06 kWh,149.40 kWh,125.03 kWh,130.63 kWh
7-Jan-24,"Rp. 433,676",410.37 kWh,152.38 kWh,120.79 kWh,137.20 kWh
8-Jan-24,"Rp. 668,219",649.16 kWh,220.49 kWh,217.63 kWh,211.04 kWh
9-Jan-24,"Rp. 738,885",716.13 kWh,246.38 kWh,237.97 kWh,231.78 kWh
10-Jan-24,"Rp. 679,947",658.07 kWh,234.68 kWh,223.78 kWh,199.61 kWh
11-Jan-24,"Rp. 704,644",685.66 kWh,238.59 kWh,238.93 kWh,208.13 kWh
12-Jan-24,"Rp. 649,929",631.80 kWh,217.93 kWh,219.79 kWh,194.08 kWh
13-Jan-24,"Rp. 408,235",386.05 kWh,146.35 kWh,114.48 kWh,125.22 kWh
14-Jan-24,"Rp. 369,978",350.34 kWh,129.55 kWh,109.02 kWh,111.78 kWh
15-Jan-24,"Rp. 731,821",702.87 kWh,233.30 kWh,242.53 kWh,227.04 kWh
16-Jan-24,"Rp. 743,207",719.99 kWh,253.20 kWh,250.46 kWh,216.33 kWh
17-Jan-24,"Rp. 717,018",700.91 kWh,261.88 kWh,230.64 kWh,208.39 kWh
18-Jan-24,"Rp. 677,900",655.99 kWh,234.92 kWh,239.05 kWh,182.02 kWh
19-Jan-24,"Rp. 655,746",637.88 kWh,239.59 kWh,219.47 kWh,178.81 kWh
20-Jan-24,"Rp. 454,204",432.59 kWh,173.76 kWh,134.24 kWh,124.58 kWh
21-Jan-24,"Rp. 414,881",394.77 kWh,164.13 kWh,118.57 kWh,112.07 kWh
22-Jan-24,"Rp. 698,760",676.52 kWh,244.92 kWh,235.04 kWh,196.55 kWh
23-Jan-24,"Rp. 690,349",670.79 kWh,242.95 kWh,236.88 kWh,190.95 kWh
24-Jan-24,"Rp. 672,354",648.15 kWh,240.42 kWh,227.03 kWh,180.70 kWh
25-Jan-24,"Rp. 726,478",703.74 kWh,255.67 kWh,234.63 kWh,213.44 kWh
26-Jan-24,"Rp. 674,031",662.40 kWh,245.02 kWh,231.33 kWh,186.05 kWh
27-Jan-24,"Rp. 417,809",396.85 kWh,163.56 kWh,120.65 kWh,112.64 kWh
28-Jan-24,"Rp. 358,322",343.83 kWh,144.35 kWh,94.80 kWh,104.69 kWh
29-Jan-24,"Rp. 616,792",599.05 kWh,208.86 kWh,208.03 kWh,182.16 kWh
30-Jan-24,"Rp. 673,104",654.70 kWh,222.66 kWh,249.57 kWh,182.47 kWh
31-Jan-24,"Rp. 345,566",361.85 kWh,124.75 kWh,142.81 kWh,94.29 kWh
1-Feb-24,"Rp. 478,105",441.92 kWh,144.90 kWh,158.67 kWh,138.35 kWh
2-Feb-24,"Rp. 738,055",711.38 kWh,246.29 kWh,251.67 kWh,213.42 kWh
3-Feb-24,"Rp. 446,601",422.85 kWh,161.93 kWh,142.56 kWh,118.35 kWh
4-Feb-24,"Rp. 439,450",416.92 kWh,161.58 kWh,138.04 kWh,117.30 kWh
5-Feb-24,"Rp. 917,082",898.04 kWh,301.32 kWh,327.94 kWh,268.78 kWh
6-Feb-24,"Rp. 809,536",790.43 kWh,261.73 kWh,294.92 kWh,233.78 kWh
7-Feb-24,"Rp. 853,542",832.52 kWh,288.77 kWh,290.95 kWh,252.80 kWh
8-Feb-24,"Rp. 444,072",421.75 kWh,173.79 kWh,133.44 kWh,114.53 kWh
9-Feb-24,"Rp. 449,388",426.10 kWh,180.40 kWh,133.93 kWh,111.77 kWh
10-Feb-24,"Rp. 451,926",431.36 kWh,184.48 kWh,137.51 kWh,109.37 kWh
11-Feb-24,"Rp. 400,384",380.59 kWh,147.10 kWh,119.94 kWh,113.56 kWh
12-Feb-24,"Rp. 620,988",599.89 kWh,208.43 kWh,209.15 kWh,182.31 kWh
13-Feb-24,"Rp. 642,799",624.75 kWh,213.74 kWh,224.57 kWh,186.44 kWh
14-Feb-24,"Rp. 695,975",673.16 kWh,240.02 kWh,231.98 kWh,201.16 kWh
15-Feb-24,"Rp. 660,892",640.04 kWh,230.48 kWh,217.62 kWh,191.94 kWh
16-Feb-24,"Rp. 597,381",583.20 kWh,205.54 kWh,208.23 kWh,169.43 kWh
17-Feb-24,"Rp. 418,027",396.12 kWh,155.23 kWh,128.77 kWh,112.12 kWh
18-Feb-24,"Rp. 382,931",364.74 kWh,139.36 kWh,118.89 kWh,106.48 kWh
19-Feb-24,"Rp. 622,503",603.83 kWh,208.02 kWh,213.10 kWh,182.71 kWh
20-Feb-24,"Rp. 680,079",663.11 kWh,225.37 kWh,240.26 kWh,197.48 kWh
21-Feb-24,"Rp. 632,790",612.15 kWh,212.70 kWh,220.71 kWh,178.73 kWh
22-Feb-24,"Rp. 633,627",615.12 kWh,214.09 kWh,220.66 kWh,180.38 kWh
23-Feb-24,"Rp. 497,192",477.23 kWh,166.70 kWh,177.18 kWh,133.35 kWh
24-Feb-24,"Rp. 404,052",383.04 kWh,144.89 kWh,134.62 kWh,103.52 kWh
25-Feb-24,"Rp. 398,601",379.75 kWh,148.30 kWh,117.97 kWh,113.48 kWh
26-Feb-24,"Rp. 676,217",658.32 kWh,224.20 kWh,233.93 kWh,200.19 kWh
27-Feb-24,"Rp. 672,929",651.04 kWh,222.18 kWh,238.21 kWh,190.65 kWh
28-Feb-24,"Rp. 677,741",657.60 kWh,230.14 kWh,235.98 kWh,191.48 kWh
29-Feb-24,"Rp. 638,943",616.67 kWh,218.34 kWh,217.61 kWh,180.72 kWh
1-Mar-24,"Rp. 578,734",560.82 kWh,201.93 kWh,199.29 kWh,159.59 kWh
2-Mar-24,"Rp. 429,723",407.42 kWh,161.88 kWh,130.45 kWh,115.09 kWh
3-Mar-24,"Rp. 358,004",342.68 kWh,124.70 kWh,122.66 kWh,95.32 kWh
4-Mar-24,"Rp. 676,208",658.20 kWh,220.83 kWh,238.86 kWh,198.51 kWh
5-Mar-24,"Rp. 675,282",656.61 kWh,224.81 kWh,242.00 kWh,189.80 kWh
6-Mar-24,"Rp. 681,228",659.04 kWh,232.26 kWh,236.12 kWh,190.66 kWh
7-Mar-24,"Rp. 639,016",616.91 kWh,221.50 kWh,215.53 kWh,179.88 kWh
8-Mar-24,"Rp. 607,430",589.05 kWh,215.34 kWh,206.02 kWh,167.70 kWh
9-Mar-24,"Rp. 431,785",410.05 kWh,163.68 kWh,132.71 kWh,113.66 kWh
10-Mar-24,"Rp. 393,328",374.86 kWh,147.08 kWh,118.79 kWh,108.98 kWh
11-Mar-24,"Rp. 689,582",670.33 kWh,230.75 kWh,238.16 kWh,201.42 kWh
12-Mar-24,"Rp. 692,059",673.11 kWh,230.48 kWh,246.69 kWh,195.94 kWh
13-Mar-24,"Rp. 698,513",677.44 kWh,238.96 kWh,241.20 kWh,197.28 kWh
14-Mar-24,"Rp. 610,595",589.52 kWh,211.67 kWh,206.59 kWh,171.26 kWh
15-Mar-24,"Rp. 573,879",554.37 kWh,197.69 kWh,200.86 kWh,155.81 kWh
16-Mar-24,"Rp. 319,482",317.64 kWh,123.21 kWh,107.07 kWh,87.36 kWh
17-Mar-24,"Rp. 163,058",137.50 kWh,47.95 kWh,52.89 kWh,36.66 kWh
18-Mar-24,"Rp. 688,698",669.85 kWh,228.84 kWh,238.79 kWh,202.23 kWh
19-Mar-24,"Rp. 643,916",624.95 kWh,205.80 kWh,239.20 kWh,179.95 kWh
20-Mar-24,"Rp. 674,465",652.50 kWh,226.52 kWh,237.63 kWh,188.35 kWh
21-Mar-24,"Rp. 692,453",674.57 kWh,234.79 kWh,249.92 kWh,189.86 kWh
22-Mar-24,"Rp. 707,055",694.07 kWh,226.86 kWh,265.02 kWh,202.18 kWh
23-Mar-24,"Rp. 524,612",507.85 kWh,176.34 kWh,186.76 kWh,144.75 kWh
24-Mar-24,"Rp. 415,236",393.47 kWh,154.47 kWh,122.24 kWh,116.76 kWh
25-Mar-24,"Rp. 727,395",714.98 kWh,252.86 kWh,253.99 kWh,208.13 kWh
26-Mar-24,"Rp. 794,545",771.18 kWh,273.07 kWh,273.45 kWh,224.66 kWh
27-Mar-24,"Rp. 708,682",698.14 kWh,247.22 kWh,252.69 kWh,198.22 kWh
28-Mar-24,"Rp. 630,873",635.33 kWh,216.39 kWh,230.87 kWh,188.07 kWh
29-Mar-24,"Rp. 306,933",304.24 kWh,124.00 kWh,99.06 kWh,81.18 kWh
30-Mar-24,"Rp. 333,412",309.28 kWh,127.36 kWh,95.90 kWh,86.02 kWh
31-Mar-24,"Rp. 393,174",366.83 kWh,152.19 kWh,112.31 kWh,102.33 kWh
1-Apr-24,"Rp. 678,172",662.66 kWh,226.60 kWh,245.13 kWh,190.93 kWh
2-Apr-24,"Rp. 715,595",701.09 kWh,233.45 kWh,259.72 kWh,207.93 kWh
3-Apr-24,"Rp. 644,999",633.12 kWh,209.33 kWh,247.80 kWh,175.99 kWh
4-Apr-24,"Rp. 679,125",660.18 kWh,214.47 kWh,250.31 kWh,195.40 kWh
5-Apr-24,"Rp. 469,181",460.82 kWh,157.50 kWh,170.16 kWh,133.16 kWh
6-Apr-24,"Rp. 303,429",286.70 kWh,110.26 kWh,108.24 kWh,68.20 kWh
7-Apr-24,"Rp. 303,926",287.60 kWh,110.42 kWh,108.35 kWh,68.83 kWh
8-Apr-24,"Rp. 276,442",262.57 kWh,97.19 kWh,98.95 kWh,66.43 kWh
9-Apr-24,"Rp. 258,811",244.57 kWh,85.91 kWh,95.13 kWh,63.54 kWh
10-Apr-24,"Rp. 256,022",242.28 kWh,85.14 kWh,95.15 kWh,61.98 kWh
11-Apr-24,"Rp. 257,680",243.49 kWh,86.01 kWh,95.89 kWh,61.59 kWh
12-Apr-24,"Rp. 258,818",244.95 kWh,89.05 kWh,95.81 kWh,60.09 kWh
13-Apr-24,"Rp. 260,519",246.62 kWh,92.04 kWh,93.17 kWh,61.41 kWh
14-Apr-24,"Rp. 253,388",239.51 kWh,88.99 kWh,92.41 kWh,58.10 kWh
15-Apr-24,"Rp. 253,704",239.72 kWh,88.32 kWh,92.64 kWh,58.76 kWh
16-Apr-24,"Rp. 526,418",509.52 kWh,176.20 kWh,196.72 kWh,136.60 kWh
17-Apr-24,"Rp. 603,717",581.69 kWh,190.14 kWh,220.41 kWh,171.13 kWh
18-Apr-24,"Rp. 730,536",709.78 kWh,226.65 kWh,285.79 kWh,197.34 kWh
19-Apr-24,"Rp. 703,215",686.63 kWh,224.95 kWh,261.98 kWh,199.71 kWh
20-Apr-24,"Rp. 424,854",405.45 kWh,133.00 kWh,158.23 kWh,114.22 kWh
21-Apr-24,"Rp. 373,379",353.20 kWh,118.63 kWh,133.90 kWh,100.67 kWh
22-Apr-24,"Rp. 881,256",866.34 kWh,282.46 kWh,320.91 kWh,262.97 kWh
23-Apr-24,"Rp. 875,603",857.71 kWh,290.63 kWh,306.58 kWh,260.49 kWh
24-Apr-24,"Rp. 833,074",818.68 kWh,280.01 kWh,286.83 kWh,251.85 kWh
25-Apr-24,"Rp. 803,529",783.41 kWh,260.58 kWh,279.75 kWh,243.08 kWh
26-Apr-24,"Rp. 737,783",726.88 kWh,255.66 kWh,265.17 kWh,206.04 kWh
27-Apr-24,"Rp. 435,050",411.89 kWh,156.10 kWh,131.88 kWh,123.91 kWh
28-Apr-24,"Rp. 388,744",364.41 kWh,137.36 kWh,117.74 kWh,109.31 kWh
29-Apr-24,"Rp. 834,802",818.63 kWh,260.88 kWh,297.05 kWh,260.70 kWh
30-Apr-24,"Rp. 961,766",946.25 kWh,298.43 kWh,339.37 kWh,308.45 kWh
1-May-24,"Rp. 466,751",442.81 kWh,172.12 kWh,135.23 kWh,135.46 kWh
2-May-24,"Rp. 935,259",923.00 kWh,299.18 kWh,328.71 kWh,295.11 kWh
3-May-24,"Rp. 835,126",816.90 kWh,270.68 kWh,298.81 kWh,247.40 kWh
4-May-24,"Rp. 470,491",450.92 kWh,169.19 kWh,141.80 kWh,139.93 kWh
5-May-24,"Rp. 389,077",366.73 kWh,148.91 kWh,113.16 kWh,104.66 kWh
6-May-24,"Rp. 932,585",907.36 kWh,316.20 kWh,312.72 kWh,278.43 kWh
7-May-24,"Rp. 934,222",912.83 kWh,307.58 kWh,332.59 kWh,272.65 kWh
8-May-24,"Rp. 817,929",796.04 kWh,287.30 kWh,277.42 kWh,231.31 kWh
9-May-24,"Rp. 474,897",446.96 kWh,170.00 kWh,164.66 kWh,112.30 kWh
10-May-24,"Rp. 449,952",423.39 kWh,174.48 kWh,135.45 kWh,113.45 kWh
11-May-24,"Rp. 377,399",357.78 kWh,147.68 kWh,118.61 kWh,91.49 kWh
12-May-24,"Rp. 360,618",339.28 kWh,146.28 kWh,104.82 kWh,88.18 kWh
13-May-24,"Rp. 817,009",788.51 kWh,268.11 kWh,287.27 kWh,233.12 kWh
14-May-24,"Rp. 936,020",906.20 kWh,306.02 kWh,326.62 kWh,273.56 kWh
15-May-24,"Rp. 938,637",913.49 kWh,286.44 kWh,326.69 kWh,300.36 kWh
16-May-24,"Rp. 881,917",855.29 kWh,283.72 kWh,324.61 kWh,246.96 kWh
17-May-24,"Rp. 794,657",770.93 kWh,261.53 kWh,287.38 kWh,222.02 kWh
18-May-24,"Rp. 529,293",498.04 kWh,165.10 kWh,200.00 kWh,132.93 kWh
19-May-24,"Rp. 471,462",442.74 kWh,133.27 kWh,195.01 kWh,114.45 kWh
20-May-24,"Rp. 877,238",848.87 kWh,277.82 kWh,324.39 kWh,246.66 kWh
21-May-24,"Rp. 887,421",867.26 kWh,289.67 kWh,334.13 kWh,243.45 kWh
22-May-24,"Rp. 866,548",837.67 kWh,268.14 kWh,321.17 kWh,248.37 kWh
23-May-24,"Rp. 469,782",443.04 kWh,152.13 kWh,170.41 kWh,120.50 kWh
24-May-24,"Rp. 452,231",426.84 kWh,146.58 kWh,162.00 kWh,118.26 kWh
25-May-24,"Rp. 435,365",406.00 kWh,143.57 kWh,145.65 kWh,116.78 kWh
26-May-24,"Rp. 424,217",394.17 kWh,145.91 kWh,135.14 kWh,113.11 kWh
27-May-24,"Rp. 825,142",795.49 kWh,274.19 kWh,290.26 kWh,231.04 kWh
28-May-24,"Rp. 844,082",820.50 kWh,278.83 kWh,294.85 kWh,246.82 kWh
29-May-24,"Rp. 850,218",823.15 kWh,276.30 kWh,312.26 kWh,234.59 kWh
30-May-24,"Rp. 824,112",800.19 kWh,262.96 kWh,303.60 kWh,233.63 kWh
31-May-24,"Rp. 798,559",769.27 kWh,259.83 kWh,290.16 kWh,219.27 kWh
1-Jun-24,"Rp. 511,770",476.79 kWh,181.81 kWh,160.43 kWh,134.56 kWh
2-Jun-24,"Rp. 493,329",460.94 kWh,171.45 kWh,161.76 kWh,127.73 kWh
3-Jun-24,"Rp. 847,838",819.71 kWh,290.68 kWh,303.36 kWh,225.66 kWh
4-Jun-24,"Rp. 839,468",808.78 kWh,277.79 kWh,287.49 kWh,243.50 kWh
5-Jun-24,"Rp. 841,916",814.13 kWh,266.91 kWh,288.51 kWh,258.70 kWh
6-Jun-24,"Rp. 838,436",806.48 kWh,285.75 kWh,273.89 kWh,246.84 kWh
7-Jun-24,"Rp. 859,590",829.19 kWh,291.43 kWh,295.03 kWh,242.73 kWh
8-Jun-24,"Rp. 504,218",471.30 kWh,179.60 kWh,161.52 kWh,130.18 kWh
9-Jun-24,"Rp. 471,600",439.44 kWh,164.92 kWh,146.27 kWh,128.25 kWh
10-Jun-24,"Rp. 851,669",823.35 kWh,276.33 kWh,296.28 kWh,250.74 kWh
11-Jun-24,"Rp. 901,131",862.50 kWh,281.51 kWh,319.15 kWh,261.83 kWh
12-Jun-24,"Rp. 786,439",754.90 kWh,254.16 kWh,274.85 kWh,225.89 kWh
13-Jun-24,"Rp. 760,253",727.69 kWh,239.24 kWh,265.93 kWh,222.52 kWh
14-Jun-24,"Rp. 708,908",672.30 kWh,224.07 kWh,238.09 kWh,210.14 kWh
15-Jun-24,"Rp. 502,263",479.64 kWh,192.24 kWh,146.19 kWh,141.22 kWh
16-Jun-24,"Rp. 397,125",371.27 kWh,140.22 kWh,112.63 kWh,118.42 kWh
17-Jun-24,"Rp. 372,868",348.90 kWh,131.64 kWh,108.45 kWh,108.81 kWh
18-Jun-24,"Rp. 415,810",389.51 kWh,144.27 kWh,122.65 kWh,122.59 kWh
19-Jun-24,"Rp. 715,649",690.65 kWh,230.84 kWh,250.32 kWh,209.49 kWh
20-Jun-24,"Rp. 712,182",684.32 kWh,227.05 kWh,256.79 kWh,200.47 kWh
21-Jun-24,"Rp. 662,459",631.95 kWh,205.30 kWh,237.30 kWh,189.35 kWh
22-Jun-24,"Rp. 428,660",405.64 kWh,154.00 kWh,133.30 kWh,118.33 kWh
23-Jun-24,"Rp. 408,027",380.81 kWh,137.52 kWh,131.51 kWh,111.79 kWh
24-Jun-24,"Rp. 667,644",636.00 kWh,224.21 kWh,246.97 kWh,164.82 kWh
25-Jun-24,"Rp. 653,761",625.39 kWh,217.81 kWh,236.41 kWh,171.17 kWh
26-Jun-24,"Rp. 658,125",630.08 kWh,218.64 kWh,233.64 kWh,177.80 kWh
27-Jun-24,"Rp. 727,919",694.06 kWh,239.44 kWh,264.99 kWh,189.64 kWh
28-Jun-24,"Rp. 715,052",682.53 kWh,230.39 kWh,264.06 kWh,188.08 kWh
29-Jun-24,"Rp. 508,370",478.07 kWh,162.31 kWh,186.31 kWh,129.46 kWh
30-Jun-24,"Rp. 466,135",442.34 kWh,138.47 kWh,183.95 kWh,119.92 kWh
1-Jul-24,"Rp. 664,592",636.13 kWh,208.22 kWh,241.75 kWh,186.15 kWh
2-Jul-24,"Rp. 665,235",642.16 kWh,225.81 kWh,233.45 kWh,182.90 kWh
3-Jul-24,"Rp. 740,431",712.89 kWh,245.99 kWh,252.03 kWh,214.87 kWh
4-Jul-24,"Rp. 650,100",625.45 kWh,222.47 kWh,224.14 kWh,178.85 kWh
5-Jul-24,"Rp. 615,356",589.70 kWh,209.96 kWh,216.72 kWh,163.02 kWh
6-Jul-24,"Rp. 518,589",493.28 kWh,187.53 kWh,166.56 kWh,139.19 kWh
7-Jul-24,"Rp. 424,537",403.92 kWh,146.42 kWh,138.73 kWh,118.77 kWh
8-Jul-24,"Rp. 671,311",643.46 kWh,229.42 kWh,233.91 kWh,180.13 kWh
9-Jul-24,"Rp. 742,136",706.45 kWh,245.79 kWh,261.88 kWh,198.79 kWh
10-Jul-24,"Rp. 859,634",816.53 kWh,280.13 kWh,306.18 kWh,230.23 kWh
11-Jul-24,"Rp. 814,471",779.65 kWh,278.51 kWh,274.44 kWh,226.71 kWh
12-Jul-24,"Rp. 736,737",705.82 kWh,260.09 kWh,244.03 kWh,201.69 kWh
13-Jul-24,"Rp. 550,633",516.16 kWh,180.60 kWh,174.30 kWh,161.26 kWh
14-Jul-24,"Rp. 508,820",478.89 kWh,165.77 kWh,170.10 kWh,143.02 kWh
15-Jul-24,"Rp. 670,402",645.67 kWh,222.33 kWh,237.34 kWh,186.00 kWh
16-Jul-24,"Rp. 680,027",647.18 kWh,228.10 kWh,234.33 kWh,184.76 kWh
17-Jul-24,"Rp. 727,837",701.79 kWh,251.89 kWh,255.40 kWh,194.50 kWh
18-Jul-24,"Rp. 731,922",697.76 kWh,246.22 kWh,256.21 kWh,195.33 kWh
19-Jul-24,"Rp. 688,182",665.79 kWh,230.28 kWh,253.65 kWh,181.86 kWh
20-Jul-24,"Rp. 506,427",477.44 kWh,152.64 kWh,188.10 kWh,136.70 kWh
21-Jul-24,"Rp. 481,288",454.17 kWh,144.03 kWh,173.57 kWh,136.57 kWh
22-Jul-24,"Rp. 732,005",704.69 kWh,226.85 kWh,266.65 kWh,211.19 kWh
23-Jul-24,"Rp. 712,106",681.36 kWh,229.68 kWh,248.98 kWh,202.71 kWh
24-Jul-24,"Rp. 705,896",681.75 kWh,212.69 kWh,263.48 kWh,205.57 kWh
25-Jul-24,"Rp. 748,558",718.10 kWh,228.79 kWh,270.76 kWh,218.55 kWh
26-Jul-24,"Rp. 645,897",626.67 kWh,211.41 kWh,232.09 kWh,183.18 kWh
27-Jul-24,"Rp. 452,578",424.97 kWh,149.49 kWh,151.86 kWh,123.61 kWh
28-Jul-24,"Rp. 476,944",449.02 kWh,154.10 kWh,167.97 kWh,126.95 kWh
29-Jul-24,"Rp. 701,969",677.54 kWh,226.96 kWh,256.72 kWh,193.86 kWh
30-Jul-24,"Rp. 738,457",708.85 kWh,229.77 kWh,280.21 kWh,198.88 kWh
31-Jul-24,"Rp. 859,818",826.69 kWh,260.05 kWh,329.76 kWh,236.87 kWh
1-Aug-24,"Rp. 763,167",735.18 kWh,242.74 kWh,287.34 kWh,205.09 kWh
2-Aug-24,"Rp. 747,100",713.86 kWh,237.80 kWh,284.76 kWh,191.29 kWh
3-Aug-24,"Rp. 634,985",606.39 kWh,204.98 kWh,250.56 kWh,150.85 kWh
4-Aug-24,"Rp. 488,443",459.30 kWh,155.95 kWh,180.79 kWh,122.57 kWh
5-Aug-24,"Rp. 753,518",723.66 kWh,242.64 kWh,293.58 kWh,187.44 kWh
6-Aug-24,"Rp. 742,415",710.72 kWh,233.67 kWh,279.69 kWh,197.36 kWh
7-Aug-24,"Rp. 788,775",759.30 kWh,253.70 kWh,297.01 kWh,208.59 kWh
8-Aug-24,"Rp. 799,356",758.63 kWh,249.74 kWh,296.69 kWh,212.20 kWh
9-Aug-24,"Rp. 788,272",757.79 kWh,258.43 kWh,301.27 kWh,198.09 kWh
10-Aug-24,"Rp. 588,323",554.45 kWh,171.53 kWh,241.05 kWh,141.87 kWh
11-Aug-24,"Rp. 548,943",515.94 kWh,161.58 kWh,220.19 kWh,134.17 kWh
12-Aug-24,"Rp. 739,349",708.58 kWh,232.36 kWh,287.42 kWh,188.80 kWh
13-Aug-24,"Rp. 793,305",759.87 kWh,247.12 kWh,313.84 kWh,198.91 kWh
14-Aug-24,"Rp. 804,913",771.27 kWh,249.38 kWh,311.68 kWh,210.21 kWh
15-Aug-24,"Rp. 818,294",786.07 kWh,263.70 kWh,318.92 kWh,203.46 kWh
16-Aug-24,"Rp. 779,554",744.63 kWh,246.04 kWh,300.19 kWh,198.40 kWh
17-Aug-24,"Rp. 509,451",481.07 kWh,160.08 kWh,212.13 kWh,108.86 kWh
18-Aug-24,"Rp. 566,462",540.01 kWh,184.86 kWh,228.99 kWh,126.16 kWh
19-Aug-24,"Rp. 815,899",783.77 kWh,265.20 kWh,298.65 kWh,219.92 kWh
20-Aug-24,"Rp. 824,762",790.62 kWh,254.05 kWh,313.68 kWh,222.88 kWh
21-Aug-24,"Rp. 920,271",880.88 kWh,286.70 kWh,342.75 kWh,251.43 kWh
22-Aug-24,"Rp. 836,142",801.02 kWh,254.73 kWh,320.74 kWh,225.54 kWh
23-Aug-24,"Rp. 862,092",833.83 kWh,272.15 kWh,327.23 kWh,234.45 kWh
24-Aug-24,"Rp. 560,735",530.07 kWh,176.66 kWh,226.37 kWh,127.04 kWh
25-Aug-24,"Rp. 542,249",511.14 kWh,172.21 kWh,205.77 kWh,133.17 kWh
26-Aug-24,"Rp. 883,580",841.18 kWh,282.92 kWh,316.85 kWh,241.41 kWh
27-Aug-24,"Rp. 919,406",885.39 kWh,297.24 kWh,354.98 kWh,233.17 kWh
28-Aug-24,"Rp. 895,347",865.23 kWh,311.37 kWh,330.62 kWh,223.24 kWh
29-Aug-24,"Rp. 870,934",846.84 kWh,279.07 kWh,323.84 kWh,243.92 kWh
30-Aug-24,"Rp. 696,241",670.78 kWh,234.50 kWh,238.56 kWh,197.73 kWh
31-Aug-24,"Rp. 373,766",360.87 kWh,134.51 kWh,132.64 kWh,93.72 kWh
1-Sep-24,"Rp. 299,426",281.96 kWh,123.27 kWh,90.38 kWh,68.32 kWh
2-Sep-24,"Rp. 803,530",776.35 kWh,280.35 kWh,272.39 kWh,223.61 kWh
3-Sep-24,"Rp. 875,497",838.85 kWh,282.59 kWh,314.45 kWh,241.81 kWh
4-Sep-24,"Rp. 842,021",805.94 kWh,264.70 kWh,307.60 kWh,233.64 kWh
5-Sep-24,"Rp. 792,670",762.73 kWh,247.79 kWh,297.63 kWh,217.31 kWh
6-Sep-24,"Rp. 738,088",706.00 kWh,228.10 kWh,269.07 kWh,208.82 kWh
7-Sep-24,"Rp. 490,601",464.03 kWh,152.47 kWh,174.53 kWh,137.04 kWh
8-Sep-24,"Rp. 529,558",506.00 kWh,179.52 kWh,190.68 kWh,135.80 kWh
9-Sep-24,"Rp. 926,173",907.04 kWh,314.53 kWh,341.56 kWh,250.96 kWh
10-Sep-24,"Rp. 926,307",898.03 kWh,311.17 kWh,345.39 kWh,241.47 kWh
11-Sep-24,"Rp. 815,462",790.21 kWh,289.67 kWh,309.31 kWh,191.23 kWh
12-Sep-24,"Rp. 964,077",940.62 kWh,325.26 kWh,350.05 kWh,265.30 kWh
13-Sep-24,"Rp. 895,065",872.80 kWh,311.61 kWh,315.64 kWh,245.55 kWh
14-Sep-24,"Rp. 490,794",464.89 kWh,160.98 kWh,186.16 kWh,117.75 kWh
15-Sep-24,"Rp. 448,460",422.42 kWh,145.52 kWh,166.85 kWh,110.05 kWh
16-Sep-24,"Rp. 465,251",437.56 kWh,143.68 kWh,174.63 kWh,119.26 kWh
17-Sep-24,"Rp. 908,529",882.95 kWh,292.95 kWh,333.35 kWh,256.64 kWh
18-Sep-24,"Rp. 867,247",851.79 kWh,278.34 kWh,329.53 kWh,243.92 kWh
19-Sep-24,"Rp. 839,053",821.83 kWh,281.90 kWh,316.56 kWh,223.36 kWh
20-Sep-24,"Rp. 822,924",802.98 kWh,265.40 kWh,312.34 kWh,225.24 kWh
21-Sep-24,"Rp. 566,119",541.69 kWh,170.99 kWh,226.13 kWh,144.57 kWh
22-Sep-24,"Rp. 520,234",492.56 kWh,173.68 kWh,192.15 kWh,126.73 kWh
23-Sep-24,"Rp. 1,005,774",974.27 kWh,341.63 kWh,347.15 kWh,285.48 kWh
24-Sep-24,"Rp. 984,964",963.13 kWh,319.55 kWh,359.78 kWh,283.80 kWh
25-Sep-24,"Rp. 917,801",896.28 kWh,306.96 kWh,334.80 kWh,254.51 kWh
26-Sep-24,"Rp. 967,097",939.24 kWh,311.96 kWh,363.65 kWh,263.64 kWh
27-Sep-24,"Rp. 890,745",864.96 kWh,283.78 kWh,343.70 kWh,237.47 kWh
28-Sep-24,"Rp. 467,103",441.98 kWh,154.45 kWh,186.50 kWh,101.03 kWh
29-Sep-24,"Rp. 428,160",403.57 kWh,150.09 kWh,161.88 kWh,91.60 kWh
30-Sep-24,"Rp. 959,580",926.70 kWh,313.09 kWh,351.57 kWh,262.04 kWh
1-Oct-24,"Rp. 974,196",952.36 kWh,327.72 kWh,350.93 kWh,273.71 kWh
2-Oct-24,"Rp. 972,908",943.37 kWh,314.41 kWh,335.84 kWh,293.12 kWh
3-Oct-24,"Rp. 961,418",931.10 kWh,312.85 kWh,331.00 kWh,287.25 kWh
4-Oct-24,"Rp. 946,565",909.16 kWh,310.99 kWh,341.68 kWh,256.48 kWh
5-Oct-24,"Rp. 455,139",430.22 kWh,154.30 kWh,165.43 kWh,110.49 kWh
6-Oct-24,"Rp. 462,823",437.86 kWh,174.16 kWh,141.66 kWh,122.04 kWh
7-Oct-24,"Rp. 943,412",924.21 kWh,322.34 kWh,341.87 kWh,260.00 kWh
8-Oct-24,"Rp. 946,130",916.97 kWh,325.38 kWh,340.31 kWh,251.28 kWh
9-Oct-24,"Rp. 1,029,644",997.74 kWh,349.36 kWh,367.52 kWh,280.87 kWh
10-Oct-24,"Rp. 1,034,843",998.55 kWh,352.86 kWh,390.16 kWh,255.53 kWh
11-Oct-24,"Rp. 1,007,526",973.30 kWh,341.36 kWh,377.15 kWh,254.79 kWh
12-Oct-24,"Rp. 606,591",574.40 kWh,200.46 kWh,238.60 kWh,135.34 kWh
13-Oct-24,"Rp. 549,917",517.03 kWh,176.44 kWh,216.16 kWh,124.44 kWh
14-Oct-24,"Rp. 1,098,978","1,077.43 kWh",356.38 kWh,412.68 kWh,308.37 kWh
15-Oct-24,"Rp. 1,046,901","1,010.35 kWh",331.76 kWh,382.16 kWh,296.43 kWh
16-Oct-24,"Rp. 869,291",849.10 kWh,277.53 kWh,320.16 kWh,251.42 kWh
17-Oct-24,"Rp. 972,187",936.05 kWh,327.39 kWh,369.75 kWh,238.91 kWh
18-Oct-24,"Rp. 902,105",877.08 kWh,297.07 kWh,342.50 kWh,237.51 kWh
19-Oct-24,"Rp. 526,420",494.05 kWh,182.26 kWh,191.40 kWh,120.39 kWh
20-Oct-24,"Rp. 513,205",484.91 kWh,178.77 kWh,195.12 kWh,111.03 kWh
21-Oct-24,"Rp. 982,202",951.71 kWh,305.87 kWh,389.28 kWh,256.56 kWh
22-Oct-24,"Rp. 1,007,590",977.05 kWh,326.70 kWh,392.83 kWh,257.52 kWh
23-Oct-24,"Rp. 982,804",952.49 kWh,315.77 kWh,372.97 kWh,263.75 kWh
24-Oct-24,"Rp. 1,031,931",999.00 kWh,339.70 kWh,399.26 kWh,260.04 kWh
25-Oct-24,"Rp. 966,985",944.92 kWh,339.42 kWh,347.81 kWh,257.69 kWh
26-Oct-24,"Rp. 562,408",521.62 kWh,177.34 kWh,220.73 kWh,123.55 kWh
27-Oct-24,"Rp. 481,827",451.82 kWh,159.33 kWh,176.76 kWh,115.73 kWh
28-Oct-24,"Rp. 917,655",899.40 kWh,317.76 kWh,317.17 kWh,264.47 kWh
29-Oct-24,"Rp. 920,566",891.26 kWh,295.40 kWh,335.03 kWh,260.82 kWh
30-Oct-24,"Rp. 905,675",885.30 kWh,301.07 kWh,319.12 kWh,265.12 kWh
31-Oct-24,"Rp. 887,543",865.12 kWh,306.56 kWh,310.38 kWh,248.18 kWh
1-Nov-24,"Rp. 830,497",814.38 kWh,286.08 kWh,303.31 kWh,224.99 kWh
2-Nov-24,"Rp. 417,456",395.40 kWh,158.14 kWh,129.25 kWh,108.01 kWh
3-Nov-24,"Rp. 421,885",400.53 kWh,157.29 kWh,130.40 kWh,112.84 kWh
4-Nov-24,"Rp. 871,006",853.64 kWh,310.34 kWh,294.91 kWh,248.40 kWh
5-Nov-24,"Rp. 935,338",905.18 kWh,309.46 kWh,347.02 kWh,248.70 kWh
6-Nov-24,"Rp. 919,869",894.24 kWh,327.27 kWh,315.60 kWh,251.36 kWh
7-Nov-24,"Rp. 915,998",896.28 kWh,313.79 kWh,326.12 kWh,256.38 kWh
8-Nov-24,"Rp. 940,467",911.40 kWh,335.78 kWh,325.98 kWh,249.63 kWh
9-Nov-24,"Rp. 536,170",514.09 kWh,193.23 kWh,186.66 kWh,134.19 kWh
10-Nov-24,"Rp. 423,447",400.39 kWh,158.00 kWh,143.32 kWh,99.06 kWh
11-Nov-24,"Rp. 935,810",912.01 kWh,331.62 kWh,332.25 kWh,248.14 kWh
12-Nov-24,"Rp. 890,499",862.09 kWh,308.55 kWh,327.16 kWh,226.39 kWh
13-Nov-24,"Rp. 892,170",870.76 kWh,310.01 kWh,320.04 kWh,240.70 kWh
14-Nov-24,"Rp. 899,281",865.30 kWh,308.42 kWh,322.73 kWh,234.15 kWh
15-Nov-24,"Rp. 831,571",802.23 kWh,279.65 kWh,303.24 kWh,219.34 kWh
16-Nov-24,"Rp. 534,629",509.42 kWh,184.77 kWh,191.67 kWh,132.98 kWh
17-Nov-24,"Rp. 449,140",422.96 kWh,157.54 kWh,150.32 kWh,115.10 kWh
18-Nov-24,"Rp. 898,379",871.51 kWh,306.89 kWh,325.64 kWh,238.98 kWh
19-Nov-24,"Rp. 895,341",871.99 kWh,289.09 kWh,318.72 kWh,264.18 kWh
20-Nov-24,"Rp. 905,565",867.57 kWh,318.23 kWh,294.73 kWh,254.61 kWh
21-Nov-24,"Rp. 929,355",897.20 kWh,316.80 kWh,336.18 kWh,244.22 kWh
22-Nov-24,"Rp. 896,260",865.41 kWh,303.91 kWh,330.74 kWh,230.75 kWh
23-Nov-24,"Rp. 483,041",457.77 kWh,174.69 kWh,166.94 kWh,116.14 kWh
24-Nov-24,"Rp. 474,946",446.56 kWh,171.84 kWh,158.20 kWh,116.52 kWh
25-Nov-24,"Rp. 896,566",858.31 kWh,290.13 kWh,326.66 kWh,241.52 kWh
26-Nov-24,"Rp. 919,003",889.18 kWh,304.75 kWh,318.58 kWh,265.86 kWh
27-Nov-24,"Rp. 423,138",396.57 kWh,152.53 kWh,139.25 kWh,104.79 kWh
28-Nov-24,"Rp. 778,270",753.08 kWh,247.60 kWh,280.60 kWh,224.88 kWh
29-Nov-24,"Rp. 793,905",768.47 kWh,265.55 kWh,284.51 kWh,218.41 kWh
30-Nov-24,"Rp. 494,756",472.30 kWh,179.39 kWh,169.12 kWh,123.79 kWh
1-Dec-24,"Rp. 430,897",408.28 kWh,167.66 kWh,133.94 kWh,106.68 kWh
2-Dec-24,"Rp. 846,202",818.04 kWh,285.75 kWh,304.55 kWh,227.75 kWh
3-Dec-24,"Rp. 847,789",816.88 kWh,300.55 kWh,277.99 kWh,238.34 kWh
4-Dec-24,"Rp. 801,885",780.67 kWh,281.44 kWh,273.02 kWh,226.21 kWh
5-Dec-24,"Rp. 783,178",757.62 kWh,269.82 kWh,278.54 kWh,209.26 kWh
6-Dec-24,"Rp. 769,692",746.60 kWh,278.51 kWh,262.52 kWh,205.57 kWh
7-Dec-24,"Rp. 504,081",476.43 kWh,196.56 kWh,151.86 kWh,128.01 kWh
8-Dec-24,"Rp. 468,133",443.09 kWh,185.05 kWh,137.81 kWh,120.24 kWh
9-Dec-24,"Rp. 828,513",802.84 kWh,300.04 kWh,280.84 kWh,221.97 kWh
10-Dec-24,"Rp. 786,056",765.09 kWh,251.87 kWh,285.23 kWh,227.99 kWh
11-Dec-24,"Rp. 808,237",782.31 kWh,278.71 kWh,268.69 kWh,234.91 kWh
12-Dec-24,"Rp. 833,805",812.39 kWh,294.38 kWh,275.75 kWh,242.26 kWh
13-Dec-24,"Rp. 805,524",782.73 kWh,297.85 kWh,274.59 kWh,210.30 kWh
14-Dec-24,"Rp. 518,212",492.26 kWh,193.54 kWh,170.97 kWh,127.75 kWh
15-Dec-24,"Rp. 467,206",437.11 kWh,166.37 kWh,148.12 kWh,122.62 kWh
16-Dec-24,"Rp. 858,717",824.64 kWh,299.72 kWh,296.52 kWh,228.40 kWh
17-Dec-24,"Rp. 878,999",852.95 kWh,327.26 kWh,285.59 kWh,240.10 kWh
18-Dec-24,"Rp. 891,330",859.09 kWh,308.51 kWh,306.20 kWh,244.37 kWh
19-Dec-24,"Rp. 924,535",879.51 kWh,316.08 kWh,318.00 kWh,245.43 kWh
20-Dec-24,"Rp. 822,470",795.87 kWh,279.24 kWh,285.39 kWh,231.24 kWh
21-Dec-24,"Rp. 506,514",477.52 kWh,169.25 kWh,173.96 kWh,134.32 kWh
22-Dec-24,"Rp. 433,821",407.17 kWh,152.06 kWh,144.76 kWh,110.35 kWh
23-Dec-24,"Rp. 693,944",670.01 kWh,255.86 kWh,235.17 kWh,178.98 kWh
24-Dec-24,"Rp. 607,584",589.90 kWh,227.75 kWh,202.68 kWh,159.47 kWh
25-Dec-24,"Rp. 424,040",401.68 kWh,145.54 kWh,141.62 kWh,114.52 kWh
26-Dec-24,"Rp. 388,652",371.01 kWh,126.28 kWh,135.39 kWh,109.35 kWh
27-Dec-24,"Rp. 475,198",459.56 kWh,164.09 kWh,158.58 kWh,136.89 kWh
28-Dec-24,"Rp. 313,085",296.79 kWh,120.39 kWh,96.06 kWh,80.34 kWh
29-Dec-24,"Rp. 307,756",290.61 kWh,120.74 kWh,94.49 kWh,75.37 kWh
30-Dec-24,"Rp. 550,817",536.95 kWh,206.17 kWh,177.67 kWh,153.12 kWh
31-Dec-24,"Rp. 500,918",487.00 kWh,185.97 kWh,163.49 kWh,137.54 kWh
01-Jan-25,"Rp. 309,766",294.31 kWh,124.08 kWh,93.23 kWh,77.00 kWh
02-Jan-25,"Rp. 557,123",545.25 kWh,205.53 kWh,202.16 kWh,137.56 kWh
03-Jan-25,"Rp. 615,404",602.38 kWh,231.48 kWh,196.14 kWh,174.77 kWh
04-Jan-25,"Rp. 325,988",307.95 kWh,124.68 kWh,98.75 kWh,84.52 kWh
05-Jan-25,"Rp. 363,458",338.89 kWh,136.07 kWh,112.42 kWh,90.40 kWh
06-Jan-25,"Rp. 772,514",754.39 kWh,265.77 kWh,279.82 kWh,208.81 kWh
07-Jan-25,"Rp. 818,732",795.85 kWh,238.85 kWh,310.99 kWh,246.02 kWh
08-Jan-25,"Rp. 767,263",748.16 kWh,256.48 kWh,288.01 kWh,203.67 kWh
09-Jan-25,"Rp. 703,936",681.15 kWh,229.61 kWh,277.42 kWh,174.12 kWh
10-Jan-25,"Rp. 849,236",821.05 kWh,292.04 kWh,313.41 kWh,215.61 kWh
11-Jan-25,"Rp. 451,419",425.06 kWh,142.87 kWh,165.29 kWh,116.90 kWh
12-Jan-25,"Rp. 409,431",387.00 kWh,135.22 kWh,142.07 kWh,109.71 kWh
13-Jan-25,"Rp. 778,293",758.39 kWh,258.55 kWh,290.60 kWh,209.25 kWh
14-Jan-25,"Rp. 722,020",699.42 kWh,235.78 kWh,269.16 kWh,194.47 kWh
15-Jan-25,"Rp. 820,386",784.09 kWh,271.93 kWh,284.27 kWh,227.89 kWh
16-Jan-25,"Rp. 764,775",746.81 kWh,260.91 kWh,277.02 kWh,208.88 kWh
17-Jan-25,"Rp. 724,464",697.13 kWh,219.94 kWh,284.55 kWh,192.64 kWh
18-Jan-25,"Rp. 489,042",451.69 kWh,148.78 kWh,180.93 kWh,121.98 kWh
19-Jan-25,"Rp. 527,846",497.38 kWh,163.23 kWh,199.01 kWh,135.14 kWh
20-Jan-25,"Rp. 780,565",758.16 kWh,266.09 kWh,282.92 kWh,209.16 kWh
21-Jan-25,"Rp. 781,282",754.88 kWh,260.96 kWh,291.29 kWh,202.63 kWh
22-Jan-25,"Rp. 745,736",718.91 kWh,240.39 kWh,301.74 kWh,176.78 kWh
23-Jan-25,"Rp. 724,375",701.66 kWh,248.37 kWh,266.59 kWh,186.70 kWh
24-Jan-25,"Rp. 698,752",675.02 kWh,241.18 kWh,254.36 kWh,179.48 kWh
25-Jan-25,"Rp. 449,906",423.92 kWh,155.06 kWh,158.36 kWh,110.49 kWh
26-Jan-25,"Rp. 436,386",411.40 kWh,153.30 kWh,151.34 kWh,106.77 kWh
27-Jan-25,"Rp. 625,997",603.98 kWh,218.00 kWh,228.70 kWh,157.28 kWh
28-Jan-25,"Rp. 631,600",610.64 kWh,212.02 kWh,235.03 kWh,163.59 kWh
29-Jan-25,"Rp. 679,481",653.95 kWh,230.94 kWh,243.64 kWh,179.37 kWh
30-Jan-25,"Rp. 649,246",637.22 kWh,219.47 kWh,247.54 kWh,170.20 kWh
31-Jan-25,"Rp. 632,468",611.81 kWh,207.31 kWh,254.96 kWh,149.53 kWh
01-Feb-25,"Rp. 449,958",426.62 kWh,149.98 kWh,167.63 kWh,109.01 kWh
02-Feb-25,"Rp. 406,695",383.70 kWh,140.95 kWh,141.14 kWh,101.62 kWh
03-Feb-25,"Rp. 688,073",664.44 kWh,230.83 kWh,252.33 kWh,181.27 kWh
04-Feb-25,"Rp. 695,166",673.95 kWh,223.63 kWh,262.78 kWh,187.54 kWh
05-Feb-25,"Rp. 690,933",671.92 kWh,221.08 kWh,263.23 kWh,187.61 kWh
06-Feb-25,"Rp. 643,954",623.65 kWh,220.77 kWh,237.40 kWh,165.48 kWh
07-Feb-25,"Rp. 661,482",639.37 kWh,223.26 kWh,248.17 kWh,167.94 kWh
08-Feb-25,"Rp. 409,208",384.61 kWh,141.72 kWh,153.49 kWh,89.40 kWh
09-Feb-25,"Rp. 419,649",395.67 kWh,146.12 kWh,149.38 kWh,100.16 kWh
10-Feb-25,"Rp. 738,540",713.39 kWh,253.03 kWh,264.80 kWh,195.56 kWh
11-Feb-25,"Rp. 692,149",677.80 kWh,232.99 kWh,260.19 kWh,184.62 kWh
12-Feb-25,"Rp. 731,857",701.15 kWh,244.80 kWh,255.07 kWh,201.28 kWh
13-Feb-25,"Rp. 647,245",632.93 kWh,236.73 kWh,229.76 kWh,166.45 kWh
14-Feb-25,"Rp. 678,480",657.24 kWh,230.04 kWh,233.85 kWh,193.35 kWh
15-Feb-25,"Rp. 490,722",460.24 kWh,166.99 kWh,162.64 kWh,130.62 kWh
16-Feb-25,"Rp. 408,112",384.22 kWh,151.38 kWh,128.00 kWh,104.84 kWh
17-Feb-25,"Rp. 704,905",684.18 kWh,242.62 kWh,253.82 kWh,187.73 kWh
18-Feb-25,"Rp. 755,297",731.37 kWh,262.09 kWh,258.63 kWh,210.65 kWh
19-Feb-25,"Rp. 797,990",783.64 kWh,274.33 kWh,267.96 kWh,241.35 kWh
20-Feb-25,"Rp. 722,956",700.59 kWh,253.91 kWh,251.53 kWh,195.15 kWh
21-Feb-25,"Rp. 705,028",683.42 kWh,244.24 kWh,251.13 kWh,188.06 kWh
22-Feb-25,"Rp. 491,428",465.23 kWh,178.34 kWh,156.41 kWh,130.47 kWh
23-Feb-25,"Rp. 425,437",400.51 kWh,156.09 kWh,133.23 kWh,111.19 kWh
24-Feb-25,"Rp. 742,679",720.59 kWh,261.69 kWh,259.58 kWh,199.32 kWh
25-Feb-25,"Rp. 795,611",774.18 kWh,267.63 kWh,287.25 kWh,219.30 kWh
26-Feb-25,"Rp. 750,969",728.01 kWh,253.72 kWh,267.92 kWh,206.38 kWh
27-Feb-25,"Rp. 719,225",702.63 kWh,256.74 kWh,259.00 kWh,186.89 kWh
28-Feb-25,"Rp. 674,167",651.93 kWh,236.05 kWh,240.34 kWh,175.54 kWh
01-Mar-25,"Rp. 424,815",399.17 kWh,149.85 kWh,141.91 kWh,107.42 kWh
02-Mar-25,"Rp. 428,105",404.35 kWh,151.56 kWh,146.08 kWh,106.71 kWh
03-Mar-25,"Rp. 735,812",714.30 kWh,255.81 kWh,260.20 kWh,198.29 kWh
04-Mar-25,"Rp. 781,544",762.86 kWh,264.73 kWh,272.57 kWh,225.55 kWh
05-Mar-25,"Rp. 788,744",765.81 kWh,272.64 kWh,272.62 kWh,220.56 kWh
06-Mar-25,"Rp. 690,544",671.80 kWh,251.36 kWh,240.76 kWh,179.68 kWh
07-Mar-25,"Rp. 737,857",719.98 kWh,260.63 kWh,266.47 kWh,192.88 kWh
08-Mar-25,"Rp. 430,145",410.94 kWh,155.40 kWh,147.24 kWh,108.31 kWh
09-Mar-25,"Rp. 366,569",346.63 kWh,149.11 kWh,109.53 kWh,87.99 kWh
10-Mar-25,"Rp. 713,604",695.95 kWh,267.52 kWh,246.02 kWh,182.42 kWh
11-Mar-25,"Rp. 811,606",795.60 kWh,283.74 kWh,283.73 kWh,228.13 kWh
12-Mar-25,"Rp. 722,028",703.75 kWh,256.70 kWh,247.86 kWh,199.19 kWh
13-Mar-25,"Rp. 770,284",750.84 kWh,277.93 kWh,261.29 kWh,211.61 kWh
14-Mar-25,"Rp. 780,639",764.45 kWh,290.34 kWh,269.39 kWh,204.73 kWh
15-Mar-25,"Rp. 429,101",403.16 kWh,161.55 kWh,134.99 kWh,106.62 kWh
16-Mar-25,"Rp. 415,699",392.40 kWh,161.18 kWh,131.66 kWh,99.56 kWh
17-Mar-25,"Rp. 799,416",775.25 kWh,291.66 kWh,265.67 kWh,217.92 kWh
18-Mar-25,"Rp. 785,060",769.97 kWh,277.60 kWh,262.68 kWh,229.70 kWh
19-Mar-25,"Rp. 742,619",721.51 kWh,260.01 kWh,254.90 kWh,206.60 kWh
20-Mar-25,"Rp. 802,064",789.52 kWh,294.71 kWh,274.66 kWh,220.15 kWh
21-Mar-25,"Rp. 700,987",682.10 kWh,245.61 kWh,246.83 kWh,189.66 kWh
22-Mar-25,"Rp. 421,029",399.03 kWh,153.71 kWh,137.55 kWh,107.77 kWh
23-Mar-25,"Rp. 387,493",367.11 kWh,145.97 kWh,124.81 kWh,96.32 kWh
24-Mar-25,"Rp. 618,466",608.23 kWh,224.71 kWh,215.04 kWh,168.48 kWh
25-Mar-25,"Rp. 476,992",461.64 kWh,170.20 kWh,159.46 kWh,131.98 kWh
26-Mar-25,"Rp. 506,780",483.88 kWh,174.45 kWh,174.63 kWh,134.79 kWh
27-Mar-25,"Rp. 381,711",364.01 kWh,139.51 kWh,133.66 kWh,90.85 kWh
28-Mar-25,"Rp. 447,266",433.59 kWh,157.02 kWh,164.71 kWh,111.87 kWh
29-Mar-25,"Rp. 370,440",353.46 kWh,135.33 kWh,128.01 kWh,90.13 kWh
30-Mar-25,"Rp. 213,402",201.30 kWh,74.42 kWh,76.62 kWh,50.26 kWh
31-Mar-25,"Rp. 203,585",192.01 kWh,74.01 kWh,67.08 kWh,50.92 kWh
01-Apr-25,"Rp. 206,756",195.35 kWh,74.75 kWh,70.18 kWh,50.43 kWh
02-Apr-25,"Rp. 290,520",259.69 kWh,98.60 kWh,93.19 kWh,67.89 kWh
03-Apr-25,"Rp. 518,395",523.01 kWh,186.86 kWh,192.01 kWh,144.14 kWh
04-Apr-25,"Rp. 209,450",198.88 kWh,71.28 kWh,73.98 kWh,53.62 kWh
05-Apr-25,"Rp. 258,113",233.41 kWh,84.14 kWh,86.94 kWh,62.33 kWh
06-Apr-25,"Rp. 257,504",244.64 kWh,89.26 kWh,90.34 kWh,65.03 kWh
07-Apr-25,"Rp. 435,160",411.52 kWh,145.92 kWh,149.79 kWh,115.80 kWh
08-Apr-25,"Rp. 550,187",532.41 kWh,194.60 kWh,190.84 kWh,146.97 kWh
09-Apr-25,"Rp. 775,949",753.17 kWh,277.45 kWh,269.22 kWh,206.49 kWh
10-Apr-25,"Rp. 788,572",765.92 kWh,272.20 kWh,270.53 kWh,223.19 kWh
11-Apr-25,"Rp. 788,880",776.22 kWh,283.29 kWh,277.56 kWh,215.37 kWh
12-Apr-25,"Rp. 407,729",385.00 kWh,151.14 kWh,131.45 kWh,102.41 kWh
13-Apr-25,"Rp. 407,955",387.11 kWh,158.70 kWh,126.02 kWh,102.39 kWh
14-Apr-25,"Rp. 709,189",695.34 kWh,254.28 kWh,245.67 kWh,195.39 kWh
15-Apr-25,"Rp. 689,785",676.10 kWh,245.59 kWh,229.78 kWh,200.73 kWh
16-Apr-25,"Rp. 811,356",786.51 kWh,295.62 kWh,263.63 kWh,227.26 kWh
17-Apr-25,"Rp. 835,995",813.26 kWh,286.03 kWh,310.63 kWh,216.61 kWh
18-Apr-25,"Rp. 432,277",410.05 kWh,156.92 kWh,163.96 kWh,89.18 kWh
19-Apr-25,"Rp. 401,750",382.00 kWh,148.93 kWh,142.95 kWh,90.12 kWh
20-Apr-25,"Rp. 369,661",351.03 kWh,138.20 kWh,131.95 kWh,80.88 kWh
21-Apr-25,"Rp. 758,425",744.93 kWh,269.47 kWh,268.67 kWh,206.79 kWh
22-Apr-25,"Rp. 907,414",864.84 kWh,310.03 kWh,297.39 kWh,257.43 kWh
23-Apr-25,"Rp. 938,549",907.61 kWh,315.05 kWh,289.47 kWh,303.09 kWh
24-Apr-25,"Rp. 1,004,505",982.17 kWh,373.41 kWh,316.43 kWh,292.34 kWh
25-Apr-25,"Rp. 841,065",827.54 kWh,341.16 kWh,270.31 kWh,216.07 kWh
26-Apr-25,"Rp. 498,032",476.14 kWh,198.31 kWh,154.77 kWh,123.06 kWh
27-Apr-25,"Rp. 433,334",411.08 kWh,171.08 kWh,136.92 kWh,103.07 kWh
28-Apr-25,"Rp. 867,674",848.27 kWh,322.20 kWh,289.53 kWh,236.54 kWh
29-Apr-25,"Rp. 924,658",897.25 kWh,326.59 kWh,307.83 kWh,262.83 kWh
30-Apr-25,"Rp. 889,273",869.14 kWh,317.26 kWh,313.04 kWh,238.85 kWh
01-May-25,"Rp. 459,451",433.46 kWh,178.57 kWh,139.44 kWh,115.45 kWh
02-May-25,"Rp. 939,913",909.51 kWh,337.42 kWh,318.10 kWh,253.99 kWh
03-May-25,"Rp. 677,745",645.40 kWh,242.63 kWh,230.90 kWh,171.87 kWh
04-May-25,"Rp. 560,278",534.35 kWh,205.22 kWh,176.72 kWh,152.41 kWh
05-May-25,"Rp. 824,494",803.22 kWh,294.37 kWh,279.85 kWh,229.01 kWh
06-May-25,"Rp. 875,066",850.74 kWh,322.44 kWh,284.68 kWh,243.63 kWh
07-May-25,"Rp. 946,377",914.41 kWh,330.50 kWh,314.13 kWh,269.78 kWh
08-May-25,"Rp. 910,376",884.26 kWh,327.28 kWh,304.38 kWh,252.60 kWh
09-May-25,"Rp. 835,159",814.24 kWh,310.46 kWh,291.16 kWh,212.63 kWh
10-May-25,"Rp. 499,254",475.04 kWh,197.38 kWh,158.40 kWh,119.26 kWh
11-May-25,"Rp. 449,098",420.28 kWh,172.86 kWh,139.50 kWh,107.92 kWh
12-May-25,"Rp. 504,525",474.82 kWh,196.42 kWh,152.18 kWh,126.22 kWh
13-May-25,"Rp. 481,333",454.99 kWh,200.55 kWh,136.00 kWh,118.43 kWh
14-May-25,"Rp. 911,924",883.19 kWh,329.03 kWh,301.14 kWh,253.02 kWh
15-May-25,"Rp. 881,424",844.56 kWh,308.00 kWh,295.58 kWh,240.98 kWh
16-May-25,"Rp. 838,347",798.63 kWh,301.54 kWh,267.04 kWh,230.05 kWh
17-May-25,"Rp. 530,284",496.90 kWh,205.60 kWh,144.59 kWh,146.71 kWh
18-May-25,"Rp. 493,015",461.06 kWh,181.41 kWh,132.25 kWh,147.41 kWh
19-May-25,"Rp. 882,902",854.15 kWh,317.13 kWh,283.24 kWh,253.78 kWh
20-May-25,"Rp. 913,311",884.15 kWh,331.25 kWh,293.61 kWh,259.29 kWh
21-May-25,"Rp. 937,336",890.25 kWh,318.58 kWh,306.92 kWh,264.75 kWh
22-May-25,"Rp. 910,735",878.06 kWh,315.75 kWh,313.89 kWh,248.43 kWh
23-May-25,"Rp. 859,893",828.68 kWh,302.50 kWh,305.14 kWh,221.03 kWh
24-May-25,"Rp. 645,635",613.75 kWh,258.53 kWh,199.59 kWh,155.62 kWh
25-May-25,"Rp. 522,515",489.70 kWh,204.91 kWh,152.66 kWh,132.12 kWh
26-May-25,"Rp. 872,876",840.93 kWh,318.42 kWh,293.91 kWh,228.60 kWh
27-May-25,"Rp. 909,857",873.76 kWh,319.66 kWh,302.39 kWh,251.72 kWh
28-May-25,"Rp. 1,011,575",979.98 kWh,341.89 kWh,348.90 kWh,289.19 kWh
29-May-25,"Rp. 418,882",392.18 kWh,162.14 kWh,136.23 kWh,93.81 kWh
30-May-25,"Rp. 462,270",435.70 kWh,185.33 kWh,143.14 kWh,107.23 kWh
31-May-25,"Rp. 479,872",451.26 kWh,194.29 kWh,150.58 kWh,106.39 kWh
01-Jun-25,"Rp. 428,392",408.05 kWh,174.10 kWh,130.96 kWh,103.00 kWh
02-Jun-25,"Rp. 840,580",812.99 kWh,303.15 kWh,278.68 kWh,231.16 kWh
03-Jun-25,"Rp. 849,205",823.42 kWh,304.34 kWh,292.00 kWh,227.08 kWh
04-Jun-25,"Rp. 905,011",870.12 kWh,308.54 kWh,309.44 kWh,252.14 kWh
05-Jun-25,"Rp. 888,733",861.81 kWh,308.84 kWh,311.40 kWh,241.57 kWh
06-Jun-25,"Rp. 473,248",447.25 kWh,178.14 kWh,159.29 kWh,109.82 kWh
07-Jun-25,"Rp. 507,029",474.62 kWh,190.51 kWh,157.55 kWh,126.57 kWh
08-Jun-25,"Rp. 464,833",432.03 kWh,180.98 kWh,134.69 kWh,116.37 kWh
09-Jun-25,"Rp. 481,450",449.53 kWh,185.88 kWh,138.43 kWh,125.22 kWh
10-Jun-25,"Rp. 815,544",785.77 kWh,293.51 kWh,263.37 kWh,228.90 kWh
11-Jun-25,"Rp. 901,651",866.00 kWh,334.84 kWh,271.76 kWh,259.40 kWh
12-Jun-25,"Rp. 847,303",819.08 kWh,319.42 kWh,271.87 kWh,227.78 kWh
13-Jun-25,"Rp. 854,063",818.34 kWh,314.63 kWh,274.74 kWh,228.98 kWh
14-Jun-25,"Rp. 572,210",538.25 kWh,203.55 kWh,187.45 kWh,147.25 kWh
15-Jun-25,"Rp. 506,203",477.17 kWh,180.50 kWh,162.29 kWh,134.38 kWh
16-Jun-25,"Rp. 858,409",826.27 kWh,296.28 kWh,293.20 kWh,236.78 kWh
17-Jun-25,"Rp. 876,001",851.57 kWh,321.15 kWh,295.32 kWh,235.10 kWh
18-Jun-25,"Rp. 803,284",774.77 kWh,306.43 kWh,249.35 kWh,218.99 kWh
19-Jun-25,"Rp. 765,614",736.83 kWh,280.73 kWh,252.47 kWh,203.63 kWh
20-Jun-25,"Rp. 751,931",721.86 kWh,275.74 kWh,251.29 kWh,194.84 kWh
21-Jun-25,"Rp. 558,705",527.73 kWh,213.17 kWh,175.51 kWh,139.04 kWh
22-Jun-25,"Rp. 502,971",470.38 kWh,195.94 kWh,148.28 kWh,126.17 kWh
23-Jun-25,"Rp. 865,176",832.24 kWh,313.14 kWh,261.03 kWh,258.07 kWh
24-Jun-25,"Rp. 811,549",774.11 kWh,300.94 kWh,252.62 kWh,220.54 kWh
25-Jun-25,"Rp. 871,087",831.45 kWh,331.12 kWh,263.91 kWh,236.43 kWh
26-Jun-25,"Rp. 841,275",800.26 kWh,316.48 kWh,260.67 kWh,223.11 kWh
27-Jun-25,"Rp. 523,274",494.18 kWh,204.86 kWh,147.57 kWh,141.76 kWh
28-Jun-25,"Rp. 457,661",426.78 kWh,190.80 kWh,127.23 kWh,108.75 kWh
29-Jun-25,"Rp. 453,431",425.63 kWh,183.62 kWh,136.51 kWh,105.49 kWh
30-Jun-25,"Rp. 687,110",659.33 kWh,251.06 kWh,232.95 kWh,175.32 kWh
01-Jul-25,"Rp. 631,694",605.63 kWh,235.74 kWh,210.12 kWh,159.77 kWh
02-Jul-25,"Rp. 694,176",664.49 kWh,246.12 kWh,221.56 kWh,196.81 kWh
03-Jul-25,"Rp. 705,697",678.65 kWh,249.44 kWh,231.95 kWh,197.26 kWh
04-Jul-25,"Rp. 668,997",637.26 kWh,243.58 kWh,217.56 kWh,176.12 kWh
05-Jul-25,"Rp. 520,435",488.38 kWh,195.02 kWh,161.47 kWh,131.89 kWh
06-Jul-25,"Rp. 476,786",450.13 kWh,184.37 kWh,158.22 kWh,107.53 kWh
07-Jul-25,"Rp. 775,140",737.93 kWh,273.70 kWh,261.40 kWh,202.83 kWh
08-Jul-25,"Rp. 733,300",715.42 kWh,270.09 kWh,254.63 kWh,190.69 kWh
09-Jul-25,"Rp. 693,754",669.28 kWh,255.38 kWh,236.84 kWh,177.07 kWh
10-Jul-25,"Rp. 676,119",650.70 kWh,246.00 kWh,229.08 kWh,175.62 kWh
11-Jul-25,"Rp. 657,812",628.66 kWh,238.37 kWh,224.00 kWh,166.29 kWh
12-Jul-25,"Rp. 449,796",422.22 kWh,182.12 kWh,138.29 kWh,101.81 kWh
13-Jul-25,"Rp. 463,526",437.09 kWh,180.34 kWh,145.93 kWh,110.82 kWh
14-Jul-25,"Rp. 719,046",687.97 kWh,258.40 kWh,243.13 kWh,186.44 kWh
15-Jul-25,"Rp. 727,111",693.26 kWh,256.86 kWh,239.20 kWh,197.21 kWh
16-Jul-25,"Rp. 724,363",699.08 kWh,255.96 kWh,250.92 kWh,192.20 kWh
17-Jul-25,"Rp. 704,819",672.98 kWh,248.87 kWh,243.56 kWh,180.56 kWh
18-Jul-25,"Rp. 689,244",662.23 kWh,253.94 kWh,226.01 kWh,182.28 kWh
19-Jul-25,"Rp. 515,653",485.44 kWh,185.65 kWh,169.37 kWh,130.42 kWh
20-Jul-25,"Rp. 495,600",466.11 kWh,187.08 kWh,154.51 kWh,124.52 kWh
21-Jul-25,"Rp. 733,146",703.17 kWh,268.55 kWh,236.71 kWh,197.91 kWh
22-Jul-25,"Rp. 693,744",666.06 kWh,246.45 kWh,233.98 kWh,185.63 kWh
23-Jul-25,"Rp. 643,908",620.75 kWh,253.33 kWh,210.39 kWh,157.03 kWh
24-Jul-25,"Rp. 638,381",615.56 kWh,243.12 kWh,211.36 kWh,161.09 kWh
25-Jul-25,"Rp. 687,354",657.95 kWh,254.53 kWh,219.96 kWh,183.47 kWh
26-Jul-25,"Rp. 583,927",554.36 kWh,228.08 kWh,191.01 kWh,135.27 kWh
27-Jul-25,"Rp. 480,051",452.16 kWh,187.65 kWh,156.46 kWh,108.05 kWh
28-Jul-25,"Rp. 701,970",675.35 kWh,260.55 kWh,237.60 kWh,177.20 kWh
29-Jul-25,"Rp. 771,709",744.32 kWh,283.44 kWh,255.75 kWh,205.13 kWh
30-Jul-25,"Rp. 765,993",733.43 kWh,276.17 kWh,262.81 kWh,194.45 kWh
31-Jul-25,"Rp. 703,856",676.22 kWh,257.99 kWh,238.67 kWh,179.56 kWh
01-Aug-25,"Rp. 734,676",704.84 kWh,261.97 kWh,243.40 kWh,199.47 kWh
02-Aug-25,"Rp. 468,132",439.77 kWh,170.22 kWh,147.72 kWh,121.83 kWh
03-Aug-25,"Rp. 485,647",455.65 kWh,183.82 kWh,144.95 kWh,126.88 kWh
04-Aug-25,"Rp. 791,282",763.96 kWh,277.18 kWh,254.79 kWh,231.99 kWh
05-Aug-25,"Rp. 738,567",709.39 kWh,258.10 kWh,240.30 kWh,210.99 kWh
06-Aug-25,"Rp. 765,041",729.28 kWh,251.94 kWh,251.34 kWh,225.99 kWh
07-Aug-25,"Rp. 711,427",682.77 kWh,234.35 kWh,232.17 kWh,216.25 kWh
08-Aug-25,"Rp. 654,158",629.41 kWh,240.78 kWh,201.92 kWh,186.71 kWh
09-Aug-25,"Rp. 442,556",417.94 kWh,169.02 kWh,140.21 kWh,108.72 kWh
10-Aug-25,"Rp. 501,274",478.07 kWh,189.91 kWh,173.25 kWh,114.91 kWh
11-Aug-25,"Rp. 675,146",652.32 kWh,235.38 kWh,242.00 kWh,174.94 kWh
12-Aug-25,"Rp. 625,286",601.11 kWh,231.34 kWh,208.34 kWh,161.43 kWh
13-Aug-25,"Rp. 677,308",647.15 kWh,236.80 kWh,220.25 kWh,190.10 kWh
14-Aug-25,"Rp. 689,621",662.10 kWh,248.82 kWh,216.75 kWh,196.54 kWh
15-Aug-25,"Rp. 637,758",616.73 kWh,234.44 kWh,210.27 kWh,172.01 kWh
16-Aug-25,"Rp. 478,666",456.39 kWh,187.82 kWh,165.28 kWh,103.29 kWh
17-Aug-25,"Rp. 439,457",413.66 kWh,182.55 kWh,129.82 kWh,101.29 kWh
18-Aug-25,"Rp. 454,055",427.61 kWh,182.84 kWh,135.20 kWh,109.56 kWh
19-Aug-25,"Rp. 625,323",600.92 kWh,236.91 kWh,210.14 kWh,153.87 kWh
20-Aug-25,"Rp. 690,566",667.48 kWh,260.56 kWh,224.27 kWh,182.65 kWh
21-Aug-25,"Rp. 645,535",628.01 kWh,247.82 kWh,214.27 kWh,165.92 kWh
22-Aug-25,"Rp. 662,029",638.94 kWh,252.80 kWh,226.95 kWh,159.20 kWh
23-Aug-25,"Rp. 413,749",389.44 kWh,166.50 kWh,130.63 kWh,92.30 kWh
24-Aug-25,"Rp. 445,679",421.59 kWh,187.04 kWh,133.92 kWh,100.63 kWh
25-Aug-25,"Rp. 732,545",701.82 kWh,261.16 kWh,238.78 kWh,201.88 kWh
26-Aug-25,"Rp. 676,799",655.09 kWh,239.92 kWh,221.94 kWh,193.23 kWh
27-Aug-25,"Rp. 594,479",571.40 kWh,215.60 kWh,186.76 kWh,169.04 kWh
28-Aug-25,"Rp. 643,834",616.73 kWh,241.99 kWh,201.33 kWh,173.41 kWh
29-Aug-25,"Rp. 635,683",614.96 kWh,224.83 kWh,208.09 kWh,182.04 kWh
30-Aug-25,"Rp. 425,666",400.20 kWh,144.09 kWh,136.52 kWh,119.59 kWh
31-Aug-25,"Rp. 369,782",348.87 kWh,131.25 kWh,112.85 kWh,104.78 kWh
01-Sep-25,"Rp. 546,860",530.90 kWh,182.14 kWh,184.57 kWh,164.18 kWh
02-Sep-25,"Rp. 617,968",600.82 kWh,217.41 kWh,192.49 kWh,190.92 kWh
03-Sep-25,"Rp. 617,652",601.87 kWh,207.59 kWh,216.35 kWh,177.93 kWh
04-Sep-25,"Rp. 590,119",574.13 kWh,204.38 kWh,196.77 kWh,172.98 kWh
05-Sep-25,"Rp. 387,339",366.62 kWh,135.51 kWh,131.37 kWh,99.75 kWh
06-Sep-25,"Rp. 358,627",337.44 kWh,125.22 kWh,112.49 kWh,99.72 kWh
07-Sep-25,"Rp. 396,481",377.47 kWh,142.98 kWh,129.47 kWh,105.03 kWh
08-Sep-25,"Rp. 898,343",871.92 kWh,312.07 kWh,295.35 kWh,264.50 kWh
09-Sep-25,"Rp. 795,873",784.67 kWh,300.09 kWh,262.93 kWh,221.66 kWh
10-Sep-25,"Rp. 731,687",709.73 kWh,265.12 kWh,245.95 kWh,198.65 kWh
11-Sep-25,"Rp. 786,117",769.91 kWh,301.69 kWh,247.56 kWh,220.67 kWh
12-Sep-25,"Rp. 760,580",735.70 kWh,251.82 kWh,255.90 kWh,227.98 kWh
13-Sep-25,"Rp. 418,291",394.21 kWh,144.41 kWh,132.80 kWh,117.01 kWh
14-Sep-25,"Rp. 477,673",460.18 kWh,175.20 kWh,165.33 kWh,119.65 kWh
15-Sep-25,"Rp. 789,200",767.90 kWh,266.36 kWh,275.26 kWh,226.29 kWh
16-Sep-25,"Rp. 844,053",822.79 kWh,290.13 kWh,293.13 kWh,239.53 kWh
17-Sep-25,"Rp. 847,043",820.69 kWh,300.70 kWh,265.69 kWh,254.31 kWh
18-Sep-25,"Rp. 822,991",798.48 kWh,300.62 kWh,271.48 kWh,226.37 kWh
19-Sep-25,"Rp. 805,184",782.77 kWh,303.82 kWh,266.08 kWh,212.87 kWh
20-Sep-25,"Rp. 493,753",468.67 kWh,193.85 kWh,156.32 kWh,118.50 kWh
21-Sep-25,"Rp. 469,818",443.51 kWh,188.35 kWh,139.99 kWh,115.17 kWh
22-Sep-25,"Rp. 932,964",907.86 kWh,329.72 kWh,319.53 kWh,258.61 kWh
23-Sep-25,"Rp. 912,180",887.14 kWh,326.63 kWh,298.46 kWh,262.05 kWh
24-Sep-25,"Rp. 800,021",778.79 kWh,288.03 kWh,255.72 kWh,235.05 kWh
25-Sep-25,"Rp. 853,890",830.47 kWh,301.38 kWh,285.62 kWh,243.46 kWh
26-Sep-25,"Rp. 844,096",818.57 kWh,307.29 kWh,278.31 kWh,232.97 kWh
27-Sep-25,"Rp. 523,028",491.86 kWh,198.33 kWh,146.88 kWh,146.65 kWh
28-Sep-25,"Rp. 531,119",507.05 kWh,210.53 kWh,156.54 kWh,139.98 kWh
29-Sep-25,"Rp. 884,062",859.61 kWh,317.87 kWh,284.12 kWh,257.62 kWh
30-Sep-25,"Rp. 859,097",840.95 kWh,298.06 kWh,303.14 kWh,239.75 kWh
01-Oct-25,"Rp. 790,957",764.82 kWh,271.30 kWh,268.28 kWh,225.24 kWh
02-Oct-25,"Rp. 830,449",815.49 kWh,314.24 kWh,271.77 kWh,229.48 kWh
03-Oct-25,"Rp. 753,656",732.15 kWh,268.82 kWh,250.90 kWh,212.43 kWh
04-Oct-25,"Rp. 405,724",382.68 kWh,155.25 kWh,123.24 kWh,104.19 kWh
05-Oct-25,"Rp. 423,894",400.27 kWh,168.16 kWh,128.27 kWh,103.84 kWh
06-Oct-25,"Rp. 763,349",739.58 kWh,266.02 kWh,258.86 kWh,214.70 kWh
07-Oct-25,"Rp. 841,345",818.59 kWh,291.34 kWh,287.20 kWh,240.04 kWh
08-Oct-25,"Rp. 870,483",848.35 kWh,312.45 kWh,294.00 kWh,241.90 kWh
09-Oct-25,"Rp. 894,192",870.50 kWh,329.35 kWh,307.81 kWh,233.35 kWh
10-Oct-25,"Rp. 755,588",741.02 kWh,289.68 kWh,243.65 kWh,207.69 kWh
11-Oct-25,"Rp. 394,273",375.78 kWh,150.40 kWh,120.50 kWh,104.89 kWh
12-Oct-25,"Rp. 373,274",351.48 kWh,150.33 kWh,112.94 kWh,88.20 kWh
13-Oct-25,"Rp. 889,554",854.57 kWh,327.22 kWh,297.52 kWh,229.83 kWh
14-Oct-25,"Rp. 900,455",870.86 kWh,310.15 kWh,307.64 kWh,253.07 kWh
15-Oct-25,"Rp. 882,614",859.66 kWh,330.64 kWh,285.36 kWh,243.67 kWh
16-Oct-25,"Rp. 939,966",924.63 kWh,340.75 kWh,313.81 kWh,270.07 kWh
17-Oct-25,"Rp. 821,361",808.14 kWh,298.24 kWh,270.12 kWh,239.78 kWh
18-Oct-25,"Rp. 373,476",353.46 kWh,144.84 kWh,114.97 kWh,93.65 kWh
19-Oct-25,"Rp. 369,946",350.13 kWh,143.48 kWh,113.41 kWh,93.24 kWh
20-Oct-25,"Rp. 837,657",820.74 kWh,289.34 kWh,286.40 kWh,245.01 kWh
21-Oct-25,"Rp. 854,877",830.89 kWh,284.17 kWh,281.35 kWh,265.37 kWh
22-Oct-25,"Rp. 796,425",770.94 kWh,288.37 kWh,251.43 kWh,231.14 kWh
23-Oct-25,"Rp. 842,425",817.45 kWh,291.74 kWh,292.88 kWh,232.83 kWh
24-Oct-25,"Rp. 707,217",684.24 kWh,238.46 kWh,250.74 kWh,195.04 kWh
25-Oct-25,"Rp. 409,656",386.65 kWh,168.27 kWh,122.59 kWh,95.79 kWh
26-Oct-25,"Rp. 406,339",386.58 kWh,177.79 kWh,120.48 kWh,88.31 kWh
27-Oct-25,"Rp. 776,327",751.42 kWh,269.09 kWh,261.87 kWh,220.46 kWh
28-Oct-25,"Rp. 711,058",689.16 kWh,253.90 kWh,220.86 kWh,214.39 kWh
29-Oct-25,"Rp. 720,567",697.97 kWh,251.34 kWh,227.59 kWh,219.04 kWh
30-Oct-25,"Rp. 762,194",739.22 kWh,268.88 kWh,249.02 kWh,221.32 kWh
31-Oct-25,"Rp. 668,766",651.22 kWh,244.07 kWh,218.27 kWh,188.88 kWh